序號,國別地區,中文片名,上映日期,申請人,出品,上映院數,週票數變動率,累計銷售票數,累計銷售金額
1,南韓,PHANTOM: THE MUSICAL FILM,2022/2/18,威秀影城股份有限公司,WYS en Scene Co. Ltd.,6,-3.86%,"2,491","1,947,910"
2,日本,電影版 昨日的美食,2022/2/18,車庫娛樂股份有限公司,AVEX PICTURES INC.,51,-10.80%,"6,864","1,697,823"
3,越南,鬼電梯,2022/2/18,車庫娛樂股份有限公司,RELAY MOTION KFT.,48,-12.11%,"7,230","1,618,991"
4,法國,黑盒線索,2022/2/18,采昌國際多媒體股份有限公司,StudioCanal SAS,36,19.73%,"3,920","914,277"
5,美國,逍遙上路,2022/2/18,英屬蓋曼群島商威望國際娛樂股份有限公司台灣分公司,FREEWAY ENTERTAINMENT KFT.,56,3.97%,"2,982","677,116"
6,中華民國,愛別離苦,2022/2/18,後場音像紀錄工作室有限公司,後場音像紀錄工作室有限公司,20,-23.32%,"4,461","983,042"
7,美國,完美的敵人,2022/2/18,峻龍國際有限公司,"Fandom Holdings,LLC.",19,41.59%,"1,307","314,967"
8,芬蘭,反恐行動：獨立日,2022/2/18,原創娛樂股份有限公司,REinvent Studios International Sales,23,-23.37%,"1,678","381,261"
9,日本,垃圾頭,2022/2/18,捷傑有限公司,GAGA Corporation,12,-7.06%,984,"232,234"
10,法國,執愛不悔,2022/2/18,佳映娛樂國際股份有限公司,FRANCE TELEVISIONS DISTRIBUTION,3,28.57%,160,"35,794"
11,美國,秘境探險,2022/2/17,美商台灣索尼影業發行股份有限公司台灣分公司,SONY PICTURES RELEASING INTERNATIONAL CORPORATION.,97,-13.40%,"202,872","51,032,859"
12,美國,尼羅河謀殺案,2022/2/11,博偉電影股份有限公司,"BUENA VISTA INTERNATIONAL,INC.",95,-50.34%,"119,362","30,128,070"
13,美國,娶我吧!,2022/2/11,美商美國環球影片股份有限公司台灣分公司,UNIVERSAL INTERNATIONAL FILMS LLC,90,-73.53%,"11,404","2,765,179"
14,美國,王牌冤家,2022/2/11,海鵬影業有限公司,United International Pictures,18,-60.51%,"7,177","1,759,740"
15,日本,讓我聽見愛的歌聲,2022/2/11,木棉花國際股份有限公司,BANDAI NAMCO Arts Inc.,31,-53.06%,"6,204","1,545,264"
16,美國,黑特冤家,2022/2/11,威視股份有限公司,Freeway Entertainment Kft.,45,-88.73%,"3,686","881,302"
17,美國,地球重生,2022/2/11,采昌國際多媒體股份有限公司,FREEWAY ENTERTAINMENT KFT.,27,-79.69%,"2,331","525,845"
18,法國,艾菲爾情緣,2022/2/11,車庫娛樂股份有限公司,RELAY MOTION KFT.,50,-93.02%,"1,763","398,670"
19,法國,幸福知音,2022/2/11,天馬行空數位有限公司,FREANCE TELEVISIONS DISTRIBUTION,7,-78.00%,317,"61,998"
20,德國,型男斷捨離,2022/2/11,車庫娛樂股份有限公司,PICTURE TREE INTERNATIONAL GMBH,10,-92.23%,220,"51,775"
21,美國,BJ單身日記,2022/2/11,薩摩亞商雄讚股份有限公司台灣分公司,STUDIOCANAL S.A.S.,10,-98.02%,394,"91,449"
22,英國,馬克白,2022/2/10,威秀影城股份有限公司,Trafalgar Releasing Limited,2,160.00%,18,"12,400"
23,日本,詛咒,2022/2/4,車庫娛樂股份有限公司,RELAY MOTION KFT.,24,-78.68%,"3,807","917,639"
24,法國,最後一件晚禮服的秘密,2022/2/4,海鵬影業有限公司,ORANGE STUDIO,14,-60.17%,"1,759","379,255"
25,西班牙,慾望法則 經典數位修復,2022/2/4,天馬行空數位有限公司,TF1 DROITS AUDIOVISUELS,6,-63.95%,388,"81,085"
26,西班牙,瀕臨崩潰邊緣的女人 經典數位修復,2022/2/4,天馬行空數位有限公司,TF1 DROITS AUDIOVISUELS,6,-74.77%,445,"94,272"
27,西班牙,我造了什麼孽 經典數位修復,2022/2/4,天馬行空數位有限公司,TF1 DROITS AUDIOVISUELS,6,-30.95%,342,"71,470"
28,西班牙,修女夜難熬 經典數位修復,2022/2/4,天馬行空數位有限公司,TF1 DROITS AUDIOVISUELS,6,-71.70%,262,"53,775"
29,捷克,勇鼠闖天堂,2022/2/4,可樂藝術文創股份有限公司,CHARADES,27,-88.24%,"1,105","244,878"
30,美國,終極攻佔,2022/2/4,車庫娛樂股份有限公司,RELAY MOTION KFT.,39,-100.00%,"2,853","636,410"
31,美國,月球隕落,2022/2/3,英屬維京群島商高捷全球開發有限公司 台灣分公司,"Accelerated Global Content,LLC",84,-60.87%,"195,534","49,849,020"
32,中華民國,嗨！神獸,2022/2/1,滿滿額娛樂股份有限公司,滿滿額娛樂股份有限公司##華納集團##凱擘影藝股份有限公司##百聿數碼創意股份有限公司##硯石(廈門)文化傳媒有限公司##神州娛樂股份有限公司,51,-91.90%,"7,130","1,664,500"
33,中華民國,我吃了那男孩一整年的早餐,2022/1/28,華映娛樂股份有限公司,"華映娛樂股份有限公司,天際娛樂股份有限公司,星空飛騰國際娛樂有限公司,中環國際娛樂事業股份有限公司,星泰國際娛樂股份有限公司,三皇生物科技股份有限公司,樂到家國際娛樂股份有限公司,得藝文創國際股份有限公司,艾迪昇傳播事業有限公司",96,-40.22%,"264,611","63,974,499"
34,美國,歡樂好聲音 2,2022/1/28,美商美國環球影片股份有限公司台灣分公司,UNIVERSAL INTERNATIONAL FILMS LLC,98,-43.15%,"92,708","22,252,782"
35,中華民國,素還真,2022/1/28,威視股份有限公司,"品蓮觀真電影股份有限公司,霹靂國際多媒體股份有限公司",93,-54.06%,"91,402","21,795,449"
36,美國,夜路,2022/1/28,博偉電影股份有限公司,"BUENA VISTA INTERNATIONAL,INC.",90,-72.69%,"40,521","10,255,527"
37,南韓,極速快遞,2022/1/28,車庫娛樂股份有限公司,RELAY MOTION KFT.,55,-86.94%,"27,062","6,368,398"
38,中華民國,諸葛四郎─英雄的英雄,2022/1/28,牽猴子股份有限公司,童年漫畫股份有限公司,53,-61.11%,"7,297","1,692,785"
39,日本,花與愛麗絲：數位修復版,2022/1/28,光年映畫有限公司,Rockwell Eyes Inc.,13,-94.25%,"2,720","618,187"
40,日本,夏日幽靈,2022/1/28,車庫娛樂股份有限公司,AVEX PICTURES INC.,20,-94.37%,"2,327","583,511"
41,日本,《屁屁偵探: 舒芙蕾島的秘密》,2022/1/21,薩摩亞商雄讚股份有限公司台灣分公司,TOEI ANIMATION ENTERPRISES LIMITED.,58,-26.43%,"22,903","5,243,064"
42,中華民國,妖果小學─水果奶奶的大秘密,2022/1/21,牽猴子股份有限公司,財團法人公共電視文化事業基金會,44,314.29%,"4,973","1,159,658"
43,美國,西城故事,2022/1/21,博偉電影股份有限公司,"BUENA VISTA INTERNATIONAL,INC.",71,-78.46%,"13,828","3,447,221"
44,日本,劇場版FREE! 男子游泳部–the Final Stroke–前篇,2022/1/21,采昌國際多媒體股份有限公司,"ABC ANIMATION,INC.",40,-65.32%,"11,049","2,604,189"
45,法國,我的神秘狼朋友,2022/1/21,捷傑有限公司,GAUMONT S.A.,13,-44.44%,928,"212,682"
46,日本,說不出口的愛,2022/1/21,希望行銷娛樂有限公司,Good Move Media,10,0.00%,223,"51,243"
47,中華民國,再說一次我願意,2022/1/19,皮諾丘電影事業有限公司,"皮諾丘電影事業有限公司,白色影像製作股份有限公司,主雅映象有限公司,沅珅科技有限公司",88,-50.82%,"23,373","5,508,045"
48,美國,GUCCI：豪門謀殺案,2022/1/7,美商美國環球影片股份有限公司台灣分公司,UNIVERSAL INTERNATIONAL FILMS LLC,88,-75.58%,"70,462","18,226,891"
49,日本,鳩的擊退法,2022/1/7,中影股份有限公司,"松竹 株式會社 Shochiku Co.,Ltd",19,4.20%,"1,870","415,209"
50,日本,名偵探柯南：大怪獸哥梅拉VS假面超人,2022/1/7,曼迪傳播有限公司,YOMIURI TELECASTING CORPORATION,58,-94.59%,"18,738","4,458,051"
51,俄羅斯,鬼保母,2022/1/7,車庫娛樂股份有限公司,CENTRAL PARTNERSHIP SALES HOUSE,26,-100.00%,"5,895","1,408,299"
52,挪威,世界上最爛的人,2021/12/31,好威映象有限公司,MK2,18,109.41%,"9,146","2,198,237"
53,美國,魔鬼剋星：未來世,2021/12/31,美商台灣索尼影業發行股份有限公司台灣分公司,SONY PICTURES RELEASING INTERNATIONAL CORPORATION.,91,0.00%,"44,066","10,279,622"
54,美國,金牌特務：金士曼起源,2021/12/30,博偉電影股份有限公司,"BUENA VISTA INTERNATIONAL, INC.",99,-73.82%,"614,546","155,002,574"
55,美國,阿達一族 2,2021/12/30,美商美國環球影片股份有限公司台灣分公司,UNIVERSAL INTERNATIONAL FILMS LLC,88,0.00%,"20,167","4,707,633"
56,法國,鈦,2021/12/30,光年映畫有限公司,WILD BUNCH INTERNATIONAL,16,22.02%,"5,526","1,245,581"
57,泰國,記憶,2021/12/26,傳影互動股份有限公司,Kick The Machine Films,2,58.33%,"1,057","232,406"
58,日本,在車上,2021/12/25,東昊影業有限公司,The Match Factory GmbH,25,-28.28%,"21,825","5,575,690"
59,中華民國,一杯熱奶茶的等待,2021/12/24,台北?喜電影發行股份有限公司,"一杯熱奶茶影視有限公司,華文創股份有限公司,金贊實業有限公司,滾動力股份有限公司,中環國際娛樂事業股份有限公司,天立揚製片有限公司,愷聯資本有限公司,益康顧問有限公司,大瀚國際開發股份有限公司,盛青陽娛樂製作股份有限公司",65,0.00%,"37,052","9,055,083"
60,中華民國,噩兆,2021/12/24,車庫娛樂股份有限公司,"車庫娛樂股份有限公司,映象工廠有限公司,Arthur Film  ????(?)",44,-100.00%,"65,523","16,158,081"
61,美國,駭客任務：復活,2021/12/22,美商華納兄弟（遠東）股份有限公司台灣分公司,WARNER BROS. PICTURES INTERNATIONAL.,99,0.00%,"205,143","53,519,580"
62,希臘,夢想裁縫師,2021/12/17,天馬行空數位有限公司,Pluto Film Distribution Network Gmbh,5,62.00%,"1,741","362,967"
63,美國,蜘蛛人：無家日,2021/12/15,美商台灣索尼影業發行股份有限公司台灣分公司,SONY PICTURES RELEASING INTERNATIONAL CORPORATION.,99,-53.71%,"1,961,426","497,472,291"
64,冰島,天菜特警,2021/12/10,原創娛樂股份有限公司,ALIEF SAS.,2,3.39%,"1,294","219,688"
65,美國,大紅狗克里弗,2021/12/10,美商美國派拉蒙影片股份有限公司台灣分公司,PARAMOUNT PICTURES CORPORATION,55,-13.10%,"19,535","4,463,268"
66,中華民國,美國女孩,2021/12/3,水花電影股份有限公司,"水花電影股份有限公司,寰亞電影製作有限公司,杰威爾音樂有限公司,G.H.Y. Culture & Media (Singapore)",35,189.55%,"81,356","19,201,906"
67,法國,天才貓奴畫家,2021/12/3,薩摩亞商雄讚股份有限公司台灣分公司,StudioCanal,6,-0.62%,"8,553","1,856,446"
68,南韓,獵魂者,2021/12/3,英屬蓋曼群島商威望國際娛樂股份有限公司台灣分公司,K-Movie Entertainment,2,21.74%,"8,832","1,967,470"
69,美國,魔法滿屋,2021/11/26,台灣華特迪士尼股份有限公司,"BUENA VISTA INTERNATIONAL,INC.",41,5.09%,"112,256","26,382,308"
70,日本,偶然與想像,2021/11/26,東昊影業有限公司,m-appeal,8,-34.07%,"15,157","3,565,339"
71,美國,惡靈古堡首部曲：拉昆市,2021/11/26,美商台灣索尼影業發行股份有限公司台灣分公司,SONY PICTURES RELEASING INTERNATIONAL CORPORATION.,46,-50.67%,"196,577","48,177,623"
72,日本,沒說出口的殺人告白,2021/11/26,鴻聯國際開發股份有限公司,KADOKAWA CORPORATION,1,0.00%,"1,034","229,259"
73,中華民國,月老,2021/11/24,麻吉砥加電影有限公司,"麻吉砥加電影有限公司,禾豐九路娛樂有限公司,良人行影業有限公司,居爾一拳有限公司,樂到家國際娛樂股份有限公司,聚星文創娛樂事業股份有限公司,國賓影城股份有限公司,能率影業股份有限公司,HIVE FILMWORKS INC.",98,-57.50%,"1,086,320","263,680,204"
74,中華民國,青春弒戀,2021/11/19,長龢有限公司,"風度國際有限公司,中環國際娛樂事業股份有限公司,長龢有限公司,阿榮影業股份有限公司,台北市電影委員會,星泰國際娛樂股份有限公司,菊地健興業有限公司,天使放大股份有限公司,齊石傳播有限公司",4,-18.42%,"16,067","3,871,636"
75,香港,梅艷芳,2021/11/12,美商台灣索尼影業發行股份有限公司台灣分公司,"安樂影片有限公司,萬誘引力乙有限公司,天下一電影製作有限公司,華夏電影發行有限責任公司,電訊盈科媒體有限公司",4,-87.06%,"42,747","10,088,494"
76,日本,刀劍神域劇場版 –Progressive- 無星夜的詠嘆調,2021/11/12,木棉花國際股份有限公司,Aniplex Inc.,12,-98.43%,"131,224","34,731,016"
77,日本,嵐 5x20演唱會電影∼回憶全記錄∼,2021/11/5,大鴻藝術股份有限公司,J Storm,1,104.76%,"16,972","7,120,155"
78,美國,永恆族,2021/11/3,台灣華特迪士尼股份有限公司,"BUENA VISTA INTERNATIONAL,INC.",27,-27.57%,"980,835","258,272,070"
79,中華民國,瀑布,2021/10/29,本地風光電影股份有限公司,"本地風光電影股份有限公司,氧氣電影有限公司,鏡文學股份有限公司,三皇生物科技股份有限公司,百聿數碼創意股份有限公司,華映娛樂股份有限公司",23,-59.12%,"154,583","36,433,078"
80,美國,天兵阿榮,2021/10/29,博偉電影股份有限公司,"BUENA VISTA INTERNATIONAL,INC.",4,-15.58%,"30,200","6,822,378"
81,美國,爽賺姐妹,2021/10/22,英屬蓋曼群島商威望國際娛樂股份有限公司台灣分公司,"STX PRODUCTIONS,LLC",3,0.00%,"1,297","254,136"
82,美國,最後的決鬥,2021/10/15,博偉電影股份有限公司,"BUENA VISTA INTERNATIONAL,INC.",5,12.00%,"16,326","3,716,096"
83,美國,猛毒2：血蜘蛛,2021/10/13,美商台灣索尼影業發行股份有限公司台灣分公司,(美國)SONY PICTURES RELEASING INTERNATIONAL CORPORATION.,5,-76.80%,"609,495","154,541,642"
84,中華民國,鱷魚,2021/10/8,滿滿額娛樂股份有限公司,"滿滿額娛樂股份有限公司,鹿路電影有限公司,台灣大哥大myVideo,中環國際娛樂事業股份有限公司,華映娛樂股份有限公司,台北真好電影股份有限公司,中台興化學工業股份有限公司,崴森管理顧問股份有限公司,高雄市電影館",2,-64.71%,"11,941","2,762,617"
85,斯洛伐克,逃出奧斯威辛,2021/10/1,捷傑有限公司,Beta Cinema GmbH.,1,-21.18%,"2,392","491,973"
86,美國,異類崛起,2021/9/24,原創娛樂股份有限公司,Vertical Entertainment,2,0.00%,440,"54,118"
87,美國,沙丘,2021/9/16,美商華納兄弟（遠東）股份有限公司台灣分公司,WARNER BROS. PICTURES INTERNATIONAL.,8,103.77%,"556,535","153,786,663"
88,美國,疾厄,2021/9/2,美商華納兄弟（遠東）股份有限公司台灣分公司,WARNER BROS. PICTURES INTERNATIONAL.,1,-64.71%,"34,282","8,304,707"
89,日本,青春電幻物語：數位修復版,2021/4/1,光年映畫有限公司,Rockwell Eyes Inc.,2,-100.00%,"4,498","1,040,053"
90,日本,《少女與戰車 最終章》第1+2話,2020/10/7,華藝娛樂股份有限公司,Hakuhodo DY music & pictures Inc.,1,-100.00%,"9,214","4,249,453"
91,不丹,不丹是教室,2020/7/10,海鵬影業有限公司,HX Investment (HK) Limited,6,-4.00%,"36,280","7,596,963"
92,泰國,波米叔叔的前世今生,2010/11/26,傳影互動股份有限公司,THE MATCH FACTORY,2,133.33%,368,"79,096"
93,英國,波西米亞人,2022/2/10,威秀影城股份有限公司,Trafalgar Releasing Limited,6,0.00%,24,"17,080"
94,英國,曼儂•雷斯科,2022/2/10,威秀影城股份有限公司,Trafalgar Releasing Limited,5,240.00%,22,"15,200"
95,南韓,亡命陷阱,2022/1/28,水元素文化傳媒有限公司,"kt alpha Co.,Ltd.",9,-96.67%,695,"164,651"
96,美國,355：諜影特攻,2022/1/19,車庫娛樂股份有限公司,RELAY MOTION KFT.,60,-91.50%,"29,045","6,978,444"
97,美國,驚聲尖叫,2022/1/14,美商美國派拉蒙影片股份有限公司台灣分公司,PARAMOUNT PICTURES CORPORATION,91,-90.53%,"26,201","6,317,103"
98,中國大陸,第一爐香,2022/1/14,影一製作所股份有限公司,"上海阿里巴巴影業有限公司,和和（上海）影業有限公司,青鳥影業(上海)有限公司,東台壹尺文化傳媒有限公司,北京星魅力影視文化傳媒集團有限公司,北京影窩文化傳媒有限公司,北京力禾欣文化傳媒有限公司,上海樂朝程影視傳媒有限公司,峨眉電影集團有限公司,桃河影業(北京)有限公司",20,-61.97%,"4,096","980,173"
99,俄羅斯,致命最前線,2022/1/14,可樂藝術文創股份有限公司,Central Partnership Sales House,30,-75.00%,"3,738","856,539"
100,中華民國,尋找神話之鳥,2021/12/17,采昌國際多媒體股份有限公司,鴻奇文化事業有限公司,21,0.00%,"10,770","2,296,119"
101,日本,《少女與戰車 最終章》 第3話,2021/11/19,華藝娛樂股份有限公司,Hakuhodo DY music & Pictures Inc.,5,-100.00%,"7,050","2,889,720"
102,中華民國,老鷹之手,2021/10/29,海之眼影像工作室,海之眼影像工作室,1,0.00%,"6,397","1,445,010"
103,南韓,金派特務,2021/10/29,威視股份有限公司,"KT HITEL CO.,LTD.",4,-59.52%,"12,405","2,698,531"
104,美國,汪汪隊立大功電影版,2021/9/17,美商美國派拉蒙影片股份有限公司台灣分公司,PARAMOUNT PICTURES CORPORATION,1,-95.45%,"72,747","17,436,393"
105,美國,路卡的夏天,2021/8/6,台灣華特迪士尼股份有限公司,"BUENA VISTA INTERNATIONAL,INC.",2,-47.62%,"46,564","10,527,638"
106,中華民國,聽見歌 再唱,2021/4/16,美商華納兄弟（遠東）股份有限公司台灣分公司,"美商華納兄弟(遠東)股份有限公司台灣分公司,香港商福斯傳媒有限公司台灣分公司,海樂影業股份有限公司,有得電影有限公司,高雄人,十三月股份有限公司",4,-82.61%,"365,350","84,398,474"
107,日本,睡著也好醒來也罷,2018/9/21,東昊影業有限公司,(法國)MK2,1,-51.00%,"1,868","416,931"
108,美國,哈利波特：神秘的魔法石,2001/11/16,美商華納兄弟（遠東）股份有限公司台灣分公司,WARNER BROS. PICTURES INTERNATIONAL.,6,-70.00%,"20,258","7,607,265"
109,加拿大,他奶奶的變裝皇后,2022/1/21,天馬行空數位有限公司,WIDE,10,-90.70%,301,"64,490"
110,南韓,無人之境,2022/1/21,車庫娛樂股份有限公司,"KT HITEL CO.,LTD.",4,-70.97%,406,"96,045"
111,英國,遮蔽的天空,2022/1/21,香港商甲上娛樂有限公司台灣分公司,HANWAY FILMS LIMITED,8,7.14%,621,"137,605"
112,法國,情慾告白,2022/1/21,佳映娛樂國際股份有限公司,PYRAMIDE INTERNATIONAL,7,-43.86%,583,"130,275"
113,日本,月影,2022/1/21,可樂藝術文創股份有限公司,"Nagoya Broadcasting Network Co.,Ltd.",12,19.05%,647,"142,711"
114,法國,豪門媳婦日記,2022/1/14,原創娛樂股份有限公司,Orange Studio,9,-45.45%,539,"117,089"
115,捷克,慕夏狂潮：從崛起到永恆,2022/1/14,海鵬影業有限公司,NEW DOCS e.K.,16,-67.71%,"1,305","273,749"
116,加拿大,麥特與麥斯,2021/12/30,好威映象有限公司,Seville International,16,-21.57%,"5,649","1,279,350"
117,泰國,2gether電影版：只因我們天生一對,2021/12/24,威視股份有限公司,GMM TV COMPANY LIMITED,26,4.76%,"12,644","3,288,475"
118,美國,法蘭西特派週報,2021/12/10,博偉電影股份有限公司,"BUENA VISTA INTERNATIONAL,INC.",32,-77.89%,"39,317","9,573,225"
119,美國,王者理查,2021/11/18,美商華納兄弟（遠東）股份有限公司台灣分公司,WARNER BROS. PICTURES INTERNATIONAL.,7,-79.10%,"25,234","5,794,517"
120,美國,鹿魔,2021/11/12,博偉電影股份有限公司,"BUENA VISTA INTERNATIONAL,INC.",3,-68.42%,"16,065","3,744,168"
121,美國,迷離夜蘇活,2021/11/12,美商美國環球影片股份有限公司台灣分公司,UNIVERSAL INTERNATIONAL FILMS LLC,6,-68.18%,"26,720","6,340,556"
122,美國,四個好日子,2021/10/8,鴻聯國際開發股份有限公司,FGD Movie Inc.,2,-53.33%,"1,383","252,766"
123,美國,寶貝老闆：家大業大,2021/10/8,美商美國環球影片股份有限公司台灣分公司,UNIVERSAL INTERNATIONAL FILMS LLC,4,-77.69%,"41,372","9,505,430"
124,美國,007 生死交戰,2021/9/29,美商美國環球影片股份有限公司台灣分公司,UNIVERSAL INTERNATIONAL FILMS LLC,7,-68.76%,"567,861","151,318,945"
125,日本,蠟筆小新：謎案！天下春日部學院的怪奇事件,2021/9/24,木棉花國際股份有限公司,ADK EMOTIOS INC.,2,-100.00%,"78,436","19,561,391"
126,美國,尚氣與十環傳奇,2021/9/2,台灣華特迪士尼股份有限公司,"BUENA VISTA INTERNATIONAL,INC.",7,-58.37%,"586,271","149,802,491"
127,美國,脫稿玩家,2021/8/12,博偉電影股份有限公司,"BUENA VISTA INTERNATIONAL,INC.",6,-73.53%,"294,639","73,561,848"
128,日本,燕尾蝶：數位經典版,2021/7/14,光年映畫有限公司,PONY CANYON INC.,1,0.00%,"1,595","345,981"
129,日本,歡樂時光(0409),2021/4/9,東昊影業有限公司,Neopa Inc,1,-49.44%,"1,157","258,490"
130,日本,歡樂時光(0326),2021/3/26,東昊影業有限公司,Neopa Inc,1,-50.00%,"1,330","321,777"
131,香港,G風暴,2020/1/30,華映娛樂股份有限公司,東方影業出品有限公司,30,-82.98%,"3,667","860,259"
132,美國,我記得,2015/12/4,英屬蓋曼群島商威望國際娛樂股份有限公司台灣分公司,"DISTANT HORIZON LTD.,IM GLOBAL,LLC.",1,0.00%,175,"35,000"
133,南韓,無間對決,2022/1/14,車庫娛樂股份有限公司,RELAY MOTION KFT.,44,-93.60%,"6,888","1,627,590"
134,中華民國,修行,2022/1/14,老灰狼影片製作有限公司,老灰狼影片製作有限公司,16,-94.15%,"1,943","428,169"
135,中華民國,沒有人該成為孤島,2022/1/7,華映娛樂股份有限公司,財團法人彩晶文教基金會,13,-100.00%,"5,533","1,265,024"
136,美國,看不見的殺機,2022/1/7,采昌國際多媒體股份有限公司,Elle Driver,36,-100.00%,"3,989","915,242"
137,日本,寶可夢：皮卡丘與可可的冒險,2021/12/10,曼迪傳播有限公司,The Pok?mon Company,18,-39.13%,"17,287","3,873,608"
138,日本,我的英雄學院劇場版：世界英雄任務,2021/10/29,薩摩亞商羚邦(亞洲)有限公司台灣分公司,"Toho Co.,Ltd.",5,-65.22%,"63,259","16,169,660"
139,日本,紫羅蘭永恆花園電影版,2020/9/30,采昌國際多媒體股份有限公司,"ABC Animation,INC.",1,0.00%,"111,065","27,746,929"
140,法國,最後地下鐵,2016/12/23,東昊影業有限公司,MK2 Films,5,-97.87%,535,"110,300"
141,挪威,忍者寶寶,2022/1/14,英屬蓋曼群島商威望國際娛樂股份有限公司台灣分公司,Trustnordisk APS,10,-80.00%,337,"71,180"
142,美國,終極狩獵團,2022/1/14,車庫娛樂股份有限公司,RELAY MOTION KFT.,19,-90.10%,563,"129,734"
143,法國,天堂計劃,2022/1/7,天馬行空數位有限公司,Playtime,15,-77.33%,"1,209","257,603"
144,美國,危城行動,2022/1/7,車庫娛樂股份有限公司,RELAY MOTION KFT.,38,-86.79%,"1,716","380,927"
145,德國,人性遊戲,2022/1/7,友璽影音股份有限公司,KARNAVAS-KONTOVRAKIS KAI SIA OE/Heretic,4,-95.24%,183,"38,930"
146,南韓,緣來大飯店,2021/12/30,車庫娛樂股份有限公司,RELAY MOTION KFT.,47,-65.91%,"7,882","1,903,111"
147,中國大陸,郊區的鳥,2021/12/25,前景娛樂有限公司,"北京果實創想影視文化有限公司,上海魁颯影業有限公司",10,-86.21%,187,"43,781"
148,日本,GIVEN~被贈與的未來 劇場版：反面的存在,2021/12/9,水元素文化傳媒有限公司,SPO Entertainment Inc.,16,-84.85%,"6,208","997,140"
149,丹麥,《爆裂戰警》,2021/12/3,光年映畫有限公司,CHARADES,2,-77.53%,"1,634","320,561"
150,法國,破碎的琴鍵,2021/11/26,天馬行空數位有限公司,INDIE SALES COMPANY,1,-55.36%,661,"126,775"
151,日本,超慄方殺陣,2021/11/19,原創娛樂股份有限公司,"Shochiku Co.,Ltd.",1,-44.74%,"3,196","752,286"
152,日本,假面飯店2：假面之夜,2021/10/28,英屬維京群島商高捷全球開發有限公司 台灣分公司,"PONY CANYON,INC.",3,-58.94%,"12,250","2,812,435"
153,香港,怒火,2021/10/22,華映娛樂股份有限公司,"英皇影業有限公司,騰訊影業文化傳播有限公司,銀都機構有限公司,香港騰訊影業有限公司,天津貓眼微影文化傳媒有限公司,超級子彈影業有限公司,天下一電影製作有限公司,華文映像(北京)影業有限公司",6,-54.90%,"22,136","4,960,649"
154,法國,夏日之戀,2016/12/23,東昊影業有限公司,MK2 Films,4,-42.86%,578,"122,570"
155,法國,四百擊,2016/12/23,台灣電影文化協會,法國在台協會,5,-50.00%,896,"188,615"
156,美國,魔境夢遊：時光怪客,2016/7/25,台灣華特迪士尼股份有限公司,"BUENA VISTA INTERNATIONAL, INC.",13,-88.70%,"244,901","58,083,123"
157,英國,超速性追緝,1996/10/25,香港商甲上娛樂有限公司台灣分公司,HANWAY FILMS LIMITED,1,400.00%,974,"202,443"
158,香港,出租女友,2022/1/14,英屬維京群島商映畫聯合有限公司台灣分公司,"UP TV 娛樂,中國創意數碼娛樂有限公司,hmvod,培生培心公司",4,-68.42%,25,"5,470"
159,德國,鄰危不亂,2022/1/7,本萃電影有限公司,Beta Cinema GmbH,11,-85.50%,565,"118,344"
160,美國,不可侵犯：溫斯坦性醜聞,2022/1/7,車庫娛樂股份有限公司,EMBANKMENT FILMS LIMITED,4,-100.00%,48,"11,270"
161,日本,劇場版信號：長期未解決事件搜查班,2021/12/30,車庫娛樂股份有限公司,FUJI CREATIVE CORPORATION,13,-72.50%,776,"186,035"
162,德國,騎趣環世界,2021/12/30,聯影企業股份有限公司,Busch Medie Group GmbH & Co. KG,5,-84.78%,327,"67,375"
163,中華民國,不想一個人,2021/12/24,一條龍虎豹國際娛樂有限公司,"波谷影片有限公司,一條龍虎豹國際娛樂有限公司,上海啟李廣告有限公司,捌捌玖電影股份有限公司",18,-86.41%,"6,622","1,666,062"
164,中華民國,高山上的熱氣球,2021/12/22,飛爾創意有限公司,"飛爾創意有限公司,菲博瑞思文創娛樂有限公司",2,0.00%,391,"82,410"
165,中華民國,魔法阿媽 4K數位修復版,2021/11/26,車庫娛樂股份有限公司,稻田電影工作室有限公司,5,156.41%,"15,109","3,582,738"
166,中華民國,文林銀行,2021/11/12,視納華仁文化傳播股份有限公司,視納華仁文化傳播股份有限公司,2,0.00%,"1,928","442,845"
167,加拿大,親情解鎖,2021/9/17,天馬行空數位有限公司,HANWAY FILMS LIMITED,1,-51.85%,875,"148,481"
168,俄羅斯,心悸效應,2021/9/10,可樂藝術文創股份有限公司,MAGIC FAIR LLC.,2,-56.52%,"1,227","165,342"
169,英國,裸體午餐,1992/3/14,香港商甲上娛樂有限公司台灣分公司,Hanway Films Limited,1,0.00%,"1,394","290,110"
170,南韓,引言,2021/12/24,可樂藝術文創股份有限公司,"FINECUT CO.,LTD.",3,-56.78%,590,"124,775"
171,英國,愛上費加洛,2021/12/17,中影股份有限公司,WESTEND FILMS LTD,6,-82.69%,"1,588","341,269"
172,日本,電影 K-ON！輕音部,2021/12/17,向洋影業有限公司,"Tokyo Broadcasting System Television,Inc.",12,-86.67%,"3,241","820,698"
173,日本,電影版 狂賭之淵2：絕體絕命俄羅斯輪盤,2021/12/17,車庫娛樂股份有限公司,RELAY MOTION KFT.,6,-77.78%,"1,075","260,067"
174,日本,Fate/Grand Order -終局特異點 冠位時間神殿所羅門-,2021/11/26,曼迪傳播有限公司,Aniplex Inc.,4,-23.53%,"21,289","5,359,779"
175,日本,我讓最想被擁抱的男人給威脅了 劇場版∼西班牙篇∼,2021/11/23,木棉花國際股份有限公司,Aniplex Inc.,6,-72.00%,"14,936","3,697,863"
176,中華民國,廢棄之城,2021/10/29,影一製作所股份有限公司,"影一製作所股份有限公司,遊戲橘子數位科技股份有限公司,財團法人臺中市影視發展基金會",1,0.00%,"6,268","1,456,730"
177,中華民國,回眸,2021/10/22,牽猴子股份有限公司,"大悲學苑  台灣大悲佛學會,財團法人國際佛教法林基金會 ,新加坡甘露關懷協會",1,0.00%,"6,025","1,351,424"
178,中華民國,17歲的天空 4K數位修復版,2021/10/2,英屬蓋曼群島商威望國際娛樂股份有限公司台灣分公司,三和娛樂國際有限公司,1,0.00%,926,"210,498"
179,英國,算牌手,2021/9/17,薩摩亞商雄讚股份有限公司台灣分公司,HANWAY FILMS LIMITED,4,-82.05%,"2,609","466,880"
180,美國,密弒遊戲2：勝者危亡,2021/9/17,美商台灣索尼影業發行股份有限公司台灣分公司,SONY PICTURES RELEASING INTERNATIONAL CORPORATION.,1,-59.70%,"35,520","8,321,112"
181,美國,暫時停止呼吸2,2021/8/20,美商台灣索尼影業發行股份有限公司台灣分公司,SONY PICTURES RELEASING INTERNATIONAL CORPORATION.,2,-70.37%,"31,538","7,509,672"
182,美國,厲陰宅3：是惡魔逼我的,2021/7/22,美商華納兄弟（遠東）股份有限公司台灣分公司,WARNER BROS. PICTURES INTERNATIONAL.,1,-48.72%,"54,963","13,728,131"
183,美國,夢想之地,2021/4/23,傳影互動股份有限公司,A24 International LLC,1,-70.59%,"21,473","4,771,628"
184,英國,末代皇帝,1988/4/23,香港商甲上娛樂有限公司台灣分公司,Hanway Films Limited,1,0.00%,"54,427","13,458,891"
185,日本,四季拉麵物語,2021/12/24,天馬行空數位有限公司,MAGNETFILM GmbH.,10,-78.04%,674,"141,279"
186,美國,殲獄行動,2021/12/24,車庫娛樂股份有限公司,RELAY MOTION KFT.,4,-92.86%,242,"56,160"
187,日本,由宇子的天秤,2021/12/17,佳映娛樂國際股份有限公司,"TOEL COMPANY,LTD.",3,-60.00%,435,"99,824"
188,中華民國,詭祭,2021/12/3,光譜映像有限公司,"臺北市政府,Lemming Film,THE NETHERLANDS FILM FUND (THE NETHERLANDS FILM PRODUCTION INCENTIVE),台北市電影委員會,財團法人台北市文化基金會,臺北市政府文化局,高雄人",7,-97.56%,"2,898","704,581"
189,美國,月光光新慌慌：萬聖殺,2021/10/22,美商美國環球影片股份有限公司台灣分公司,UNIVERSAL INTERNATIONAL FILMS LLC,2,-77.21%,"21,720","5,188,535"
190,美國,殺手保鑣2,2021/10/8,海樂影業股份有限公司,"MILLENNIUM MEDIA,INC.",3,-88.89%,"38,368","8,829,219"
191,美國,疾凍救援,2021/9/24,香港商甲上娛樂有限公司台灣分公司,Ice Road Productions LLC,3,-67.34%,"32,045","7,146,982"
192,西班牙,蝸牛之家,2021/9/3,天馬行空數位有限公司,"CASTELAＯ PICTURES,S.L.U.",1,-5.00%,479,"100,168"
193,中華民國,期末考,2021/8/20,海鵬影業有限公司,花千樹電影有限公司(A THOUSAND TREE FILMS)##高雄人##海鵬影業有限公司,1,0.00%,"5,337","1,133,482"
194,美國,黑寡婦,2021/7/14,台灣華特迪士尼股份有限公司,"BUENA VISTA INTERNATIONAL,INC.",1,57.14%,"191,523","48,009,334"
195,中華民國,男人與他的海,2021/4/1,牽猴子整合行銷股份有限公司,黑糖媒體創意有限公司,1,0.00%,"23,762","5,353,606"
196,中國大陸,藍宇,2001/12/8,香港商甲上娛樂有限公司台灣分公司,永寧工作室,2,-62.03%,"3,662","891,267"
197,法國,柏格曼的島,2021/12/25,東昊影業有限公司,Kinology,2,364.29%,237,"49,510"
198,南韓,作家我就爛,2021/12/17,車庫娛樂股份有限公司,RELAY MOTION KFT.,4,-98.30%,"1,618","379,448"
199,日本,在回家之後重新開始,2021/12/17,蜜蜂工房創藝有限公司,Hakuhodo DY Music & Pictures Inc.,1,-68.18%,60,"15,607"
200,美國,獵殺414區,2021/12/17,車庫娛樂股份有限公司,RELAY MOTION KFT.,2,-100.00%,312,"70,616"
201,挪威,北海浩劫,2021/12/10,車庫娛樂股份有限公司,TRUSTNORDISK APS,11,-64.12%,"14,719","3,467,466"
202,中華民國,有你相伴的旅程,2021/12/10,車庫娛樂股份有限公司,財團法人天主教失智老人社會福利基金會,3,-79.22%,"6,768","1,478,219"
203,日本,魔仿犯,2021/12/10,采昌國際多媒體股份有限公司,"Toho Co.,Ltd.",6,-75.57%,"7,307","1,728,367"
204,美國,ANNETTE：星夢戀歌,2021/12/10,采昌國際多媒體股份有限公司,EUROSPACE,2,-78.04%,"2,109","448,967"
205,美國,終極生存戰,2021/12/10,車庫娛樂股份有限公司,RELAY MOTION KFT.,1,-94.29%,"1,014","225,862"
206,日本,魔法少女☆伊莉雅：Licht 無名的少女,2021/12/3,薩摩亞商羚邦(亞洲)有限公司台灣分公司,KADOKAWA CORPORATION,2,-91.74%,"4,455","1,101,742"
207,英國,今晚來點史密斯,2021/12/3,造次文化有限公司,WESTEND FILM LTD,1,-95.65%,793,"184,361"
208,義大利,達賴喇嘛:大腦故事,2021/11/12,聯影企業股份有限公司,MAKARAMPA S.R.L.,2,-61.54%,"6,952","1,503,616"
209,中華民國,詭扯,2021/11/12,車庫娛樂股份有限公司,"良人行影業有限公司,Arthur Film Inc. (?)????,車庫娛樂股份有限公司,麻吉砥加電影有限公司,聚星文創娛樂事業股份有限公司,樂到家國際娛樂股份有限公司,宏將傳媒股份有限公司",2,-84.02%,"60,114","14,507,309"
210,日本,總編的復仇,2021/11/5,可樂藝術文創股份有限公司,"Shochiku Co.,Ltd.",1,-66.67%,474,"103,749"
211,南韓,霹靂油俠,2021/10/1,海樂影業股份有限公司,"FINECUT CO.,LTD.",2,-84.83%,"2,688","454,306"
212,香港,金錢帝國：追虎擒龍,2021/9/24,華映娛樂股份有限公司,"耳東影業(北京)有限公司,墨客行(北京)有限公司,天津貓眼微影文化傳媒有限公司,英皇影業有限公司,北京源上文化傳媒有限公司,上海中延文化傳媒有限公司,南京江山策影業有限公司,星王朝有限公司",2,-47.41%,"4,714","987,136"
213,美國,操控,2021/5/7,威視股份有限公司,GEM ENTERTAINMENT KFT.,1,-70.15%,"8,048","1,762,609"
214,日本,橫山家之味,2009/4/3,傳影互動股份有限公司,(法國) CELLULOID DREAMS SAS,1,0.00%,"1,260","255,865"
215,美國,麥迪遜之橋,1995/10/7,美商華納兄弟（遠東）股份有限公司台灣分公司,WARNER BROS. PICTURES INTERNATIONAL.,1,-92.04%,"1,004","226,011"
